Agente,Seed,Espec_Medica,Acurácia,Sensibilidade (Dengue),Especificidade,F1-Score,Precisão,Custo Total de Testes,Custo por Acerto,Redução de Testes (%),Recompensa Total
Aleatório,100,0.8757417337259039,0.8821428571428571,0.8857142850816327,0.8785714279438775,0.8825622269525492,0.8794326234897641,86.0,0.3481781375108591,84.64285714285714,-243.50000000000003
Q-Learning,100,0.8757417337259039,0.8642857142857143,0.835714285117347,0.8928571422193878,0.8602940670577451,0.8863636356921488,182.0,0.7520661153917082,67.5,-302.2
DQN_dqn_dengue_policy,100,0.8757417337259039,0.8892857142857142,0.8642857136683674,0.9142857136326531,0.8864468358303507,0.9097744354061846,0.0,0.0,100.0,-260.0
DQN_dqn_dengue_policy2,100,0.8757417337259039,0.8357142857142857,0.8428571422551021,0.8285714279795918,0.8368793820330999,0.8309859149077564,260.0,1.1111111106362774,53.57142857142857,-260.0
DQN_dqn_dengue_policy3,100,0.8757417337259039,0.8928571428571429,0.8999999993571429,0.8857142850816327,0.8936169706453425,0.8873239430370958,47.0,0.18799999992480002,91.60714285714285,464.9
DQN_dqn_dengue_policy4,100,0.8757417337259039,0.875,0.8857142850816327,0.8642857136683674,0.8763250377255333,0.8671328665264806,107.0,0.43673469369929196,80.89285714285714,238.0
DQN_dqn_dengue_policy5,100,0.8757417337259039,0.875,0.8714285708061225,0.8785714279438775,0.8745519206998912,0.8776978410951815,135.0,0.551020407938359,75.89285714285714,-217.1
DQN_dqn_dengue_policy6,100,0.8757417337259039,0.8642857142857143,0.8499999993928572,0.8785714279438775,0.8623187899653464,0.8749999993566177,164.0,0.6776859501331877,70.71428571428571,-891.1
DQN_dqn_dengue_policy_SEED_850,100,0.8757417337259039,0.8785714285714286,0.8857142850816327,0.8714285708061225,0.879432573492282,0.873239436004761,28.0,0.11382113816511336,95.0,-209.0
DQN_dqn_dengue_policy_SEED_42,100,0.8757417337259039,0.8892857142857142,0.8928571422193878,0.8857142850816327,0.8896796646699031,0.8865248220662945,41.0,0.16465863447202464,92.67857142857143,-203.0
DQN_policy_best,100,0.8757417337259039,0.8892857142857142,0.8642857136683674,0.9142857136326531,0.8864468358303507,0.9097744354061846,0.0,0.0,100.0,-10.699999999999989
Aleatório,150,0.502169919825475,0.5035714285714286,0.49285714250510204,0.5142857139183674,0.49819489549453777,0.5036496346688689,101.0,0.716312056229566,81.96428571428571,-783.4000000000002
Q-Learning,150,0.502169919825475,0.48928571428571427,0.46428571395408164,0.5142857139183674,0.4761904258744971,0.4887218041438182,183.0,1.3357664223826522,67.32142857142858,-428.2
DQN_dqn_dengue_policy,150,0.502169919825475,0.45714285714285713,0.4142857139897959,0.4999999996428572,0.4328357706727614,0.4531249996459961,0.0,0.0,100.0,-260.0
DQN_dqn_dengue_policy2,150,0.502169919825475,0.49642857142857144,0.49285714250510204,0.4999999996428572,0.49462360556005697,0.49640287734071736,260.0,1.8705035957766163,53.57142857142857,-260.0
DQN_dqn_dengue_policy3,150,0.502169919825475,0.45714285714285713,0.4142857139897959,0.4999999996428572,0.4328357706727614,0.4531249996459961,0.0,0.0,100.0,-1325.1
DQN_dqn_dengue_policy4,150,0.502169919825475,0.48928571428571427,0.47857142822959187,0.4999999996428572,0.48375446229196783,0.48905109453353934,47.0,0.34306569318024405,91.60714285714285,-36.0
DQN_dqn_dengue_policy5,150,0.502169919825475,0.48928571428571427,0.48571428536734695,0.49285714250510204,0.4874551467838338,0.48920863274157655,157.0,1.1459854006233683,71.96428571428571,-293.1
DQN_dqn_dengue_policy6,150,0.502169919825475,0.475,0.47857142822959187,0.4714285710918368,0.47686827706336565,0.4751773046275338,228.0,1.7142857129967777,59.285714285714285,-249.1
DQN_dqn_dengue_policy_SEED_850,150,0.502169919825475,0.48214285714285715,0.4714285710918368,0.49285714250510204,0.47653424569068287,0.4817518244658746,118.0,0.8740740734266118,78.92857142857143,-903.2
DQN_dqn_dengue_policy_SEED_42,150,0.502169919825475,0.4928571428571429,0.4999999996428572,0.48571428536734695,0.496453850359645,0.49295774613171994,216.0,1.5652173901701323,61.42857142857143,-162.29999999999995
DQN_policy_best,150,0.502169919825475,0.4642857142857143,0.4714285710918368,0.45714285681632655,0.4680850560535238,0.4647887320670502,14.0,0.10769230760946746,97.5,-1036.6999999999998
Aleatório,200,0.7910753646556121,0.7785714285714286,0.7285714280510205,0.8285714279795918,0.7669172427949605,0.8095238088813304,84.0,0.3853211007406784,85.0,-412.40000000000003
Q-Learning,200,0.7910753646556121,0.7821428571428571,0.7999999994285715,0.7642857137397959,0.7859648617445399,0.7724137925707492,182.0,0.8310502279310273,67.5,-302.2
DQN_dqn_dengue_policy,200,0.7910753646556121,0.8035714285714286,0.8071428565663266,0.7999999994285715,0.8042704120616537,0.8014184391479302,0.0,0.0,100.0,-260.0
DQN_dqn_dengue_policy2,200,0.7910753646556121,0.8035714285714286,0.7857142851530613,0.8214285708418367,0.799999949434714,0.8148148142112484,260.0,1.1555555550419754,53.57142857142857,-260.0
DQN_dqn_dengue_policy3,200,0.7910753646556121,0.7821428571428571,0.7428571423265307,0.8214285708418367,0.7732341502522109,0.8062015497626345,37.0,0.1689497716123517,93.39285714285714,-154.2
DQN_dqn_dengue_policy4,200,0.7910753646556121,0.7892857142857143,0.7857142851530613,0.7928571422908164,0.7885304153852115,0.7913669059054914,116.0,0.524886877590549,79.28571428571428,124.0
DQN_dqn_dengue_policy5,200,0.7910753646556121,0.8,0.8142857137040816,0.7857142851530613,0.8028168508530085,0.7916666661168982,8.0,0.03571428569834184,98.57142857142858,-242.2
DQN_dqn_dengue_policy6,200,0.7910753646556121,0.7821428571428571,0.8285714279795918,0.7357142851887756,0.7918088232780846,0.758169934144987,62.0,0.28310502270177856,88.92857142857142,-425.30000000000007
DQN_dqn_dengue_policy_SEED_850,200,0.7910753646556121,0.7821428571428571,0.7785714280153062,0.7857142851530613,0.7813619566089882,0.7841726613063507,27.0,0.12328767117658097,95.17857142857142,-948.0
DQN_dqn_dengue_policy_SEED_42,200,0.7910753646556121,0.7821428571428571,0.7928571422908164,0.771428570877551,0.7844522462710266,0.7762237756809625,22.0,0.1004566209586956,96.07142857142857,-907.5
DQN_policy_best,200,0.7910753646556121,0.8035714285714286,0.8071428565663266,0.7999999994285715,0.8042704120616537,0.8014184391479302,0.0,0.0,100.0,-89.60000000000002
Aleatório,250,0.5917808434760609,0.5964285714285714,0.6071428567091837,0.5857142852959184,0.600706663362014,0.5944055939899262,98.0,0.5868263469539963,82.5,-503.2
Q-Learning,250,0.5917808434760609,0.6035714285714285,0.621428570984694,0.5857142852959184,0.6105262653764276,0.5999999995862069,181.0,1.071005916526032,67.67857142857143,-536.2
DQN_dqn_dengue_policy,250,0.5917808434760609,0.5678571428571428,0.5928571424336735,0.5428571424693878,0.5783971621702383,0.5646258499560368,0.0,0.0,100.0,-260.0
DQN_dqn_dengue_policy2,250,0.5917808434760609,0.5785714285714286,0.5785714281581633,0.5785714281581633,0.5785713781581676,0.5785714281581633,260.0,1.6049382706142357,53.57142857142857,-260.0
DQN_dqn_dengue_policy3,250,0.5917808434760609,0.5857142857142857,0.5357142853316327,0.6357142852602041,0.5639097241506065,0.5952380947656841,17.0,0.10365853652215944,96.96428571428571,-613.3
DQN_dqn_dengue_policy4,250,0.5917808434760609,0.5714285714285714,0.5785714281581633,0.5642857138826531,0.5744680347014781,0.5704225348095616,2.0,0.0124999999921875,99.64285714285714,-38.0
DQN_dqn_dengue_policy5,250,0.5917808434760609,0.5785714285714286,0.5857142852959184,0.5714285710204082,0.5815602332780084,0.577464788325729,4.0,0.02469135800944978,99.28571428571429,-171.1
DQN_dqn_dengue_policy6,250,0.5917808434760609,0.5785714285714286,0.5999999995714286,0.5571428567448979,0.5874125370238196,0.5753424653593545,39.0,0.24074074059213535,93.03571428571429,-2115.7
DQN_dqn_dengue_policy_SEED_850,250,0.5917808434760609,0.5821428571428572,0.5857142852959184,0.5785714281581633,0.5836298428236767,0.5815602832754891,34.0,0.20858895692724605,93.92857142857143,-888.1999999999999
DQN_dqn_dengue_policy_SEED_42,250,0.5917808434760609,0.5785714285714286,0.5714285710204082,0.5857142852959184,0.5755395179338587,0.5797101445074564,30.0,0.18518518507087334,94.64285714285714,-377.99999999999994
DQN_policy_best,250,0.5917808434760609,0.5785714285714286,0.5857142852959184,0.5714285710204082,0.5815602332780084,0.577464788325729,4.0,0.02469135800944978,99.28571428571429,-821.4
Aleatório,300,0.8016665399009391,0.7857142857142857,0.7857142851530613,0.7857142851530613,0.7857142351530644,0.7857142851530613,100.0,0.45454545433884297,82.14285714285714,-439.1
Q-Learning,300,0.8016665399009391,0.8107142857142857,0.7999999994285715,0.8214285708418367,0.8086642093497926,0.8175182475784538,182.0,0.8017621141842458,67.5,-302.2
DQN_dqn_dengue_policy,300,0.8016665399009391,0.8,0.7928571422908164,0.8071428565663266,0.7985611005072232,0.8043478255040958,0.0,0.0,100.0,-260.0
DQN_dqn_dengue_policy2,300,0.8016665399009391,0.825,0.8142857137040816,0.835714285117347,0.8231046425523625,0.8321167877137834,260.0,1.1255411250538783,53.57142857142857,-260.0
DQN_dqn_dengue_policy3,300,0.8016665399009391,0.7928571428571428,0.7928571422908164,0.7928571422908164,0.7928570922908196,0.7928571422908164,14.0,0.06306306303465628,97.5,190.9
DQN_dqn_dengue_policy4,300,0.8016665399009391,0.7892857142857143,0.7785714280153062,0.7999999994285715,0.7870035595459376,0.7956204373754596,18.0,0.0814479637640507,96.78571428571429,-348.0
DQN_dqn_dengue_policy5,300,0.8016665399009391,0.8,0.7928571422908164,0.8071428565663266,0.7985611005072232,0.8043478255040958,0.0,0.0,100.0,-409.1
DQN_dqn_dengue_policy6,300,0.8016665399009391,0.8,0.8071428565663266,0.7928571422908164,0.8014183891504482,0.7957746473269193,25.0,0.11160714280731825,95.53571428571429,190.60000000000005
DQN_dqn_dengue_policy_SEED_850,300,0.8016665399009391,0.7928571428571428,0.7999999994285715,0.7857142851530613,0.794326190573918,0.7887323938107519,31.0,0.13963963957673892,94.46428571428571,-54.400000000000006
DQN_dqn_dengue_policy_SEED_42,300,0.8016665399009391,0.7928571428571428,0.7928571422908164,0.7928571422908164,0.7928570922908196,0.7928571422908164,20.0,0.09009009004950896,96.42857142857143,-1161.3000000000002
DQN_policy_best,300,0.8016665399009391,0.8035714285714286,0.7785714280153062,0.8285714279795918,0.7985347479826678,0.819548871564249,169.0,0.751111110777284,69.82142857142857,-101.5
Aleatório,350,0.903641481453684,0.9035714285714286,0.907142856494898,0.8999999993571429,0.9039145401046115,0.9007092192193552,91.0,0.35968379432423564,83.75,-167.00000000000006
Q-Learning,350,0.903641481453684,0.9142857142857143,0.8928571422193878,0.9357142850459184,0.9124087084820743,0.9328358201993763,182.0,0.7109374997222899,67.5,-242.2
DQN_dqn_dengue_policy,350,0.903641481453684,0.9,0.9214285707704082,0.8785714279438775,0.9020978514890731,0.8835616432304373,0.0,0.0,100.0,-260.0
DQN_dqn_dengue_policy2,350,0.903641481453684,0.8964285714285715,0.9357142850459184,0.8571428565306123,0.9003435920643383,0.867549668299636,260.0,1.0358565732924874,53.57142857142857,-260.0
DQN_dqn_dengue_policy3,350,0.903641481453684,0.9,0.9214285707704082,0.8785714279438775,0.9020978514890731,0.8835616432304373,0.0,0.0,100.0,890.9
DQN_dqn_dengue_policy4,350,0.903641481453684,0.9,0.9214285707704082,0.8785714279438775,0.9020978514890731,0.8835616432304373,1.0,0.003968253966679264,99.82142857142857,-886.0
DQN_dqn_dengue_policy5,350,0.903641481453684,0.9,0.9214285707704082,0.8785714279438775,0.9020978514890731,0.8835616432304373,0.0,0.0,100.0,-373.1
DQN_dqn_dengue_policy6,350,0.903641481453684,0.9035714285714286,0.8857142850816327,0.9214285707704082,0.9018181311788457,0.9185185178381344,33.0,0.13043478255714042,94.10714285714286,78.30000000000003
DQN_dqn_dengue_policy_SEED_850,350,0.903641481453684,0.9035714285714286,0.9285714279081633,0.8785714279438775,0.9059232943461768,0.8843537408949975,12.0,0.04743083002077833,97.85714285714285,-67.99999999999999
DQN_dqn_dengue_policy_SEED_42,350,0.903641481453684,0.9,0.9214285707704082,0.8785714279438775,0.9020978514890731,0.8835616432304373,1.0,0.003968253966679264,99.82142857142857,974.0
DQN_policy_best,350,0.903641481453684,0.9142857142857143,0.9357142850459184,0.8928571422193878,0.9160838654653066,0.8972602733580409,199.0,0.77734374969635,64.46428571428571,-168.6
Aleatório,400,0.5895944649367695,0.5892857142857143,0.5571428567448979,0.621428570984694,0.5756457060878843,0.5954198468737253,99.0,0.5999999996363636,82.32142857142857,-430.6
Q-Learning,400,0.5895944649367695,0.55,0.5928571424336735,0.5071428567806122,0.5684931003800007,0.5460526312197023,182.0,1.1818181810507675,67.5,-442.2
DQN_dqn_dengue_policy,400,0.5895944649367695,0.5785714285714286,0.5928571424336735,0.5642857138826531,0.5845069918518193,0.5763888884886188,0.0,0.0,100.0,-260.0
DQN_dqn_dengue_policy2,400,0.5895944649367695,0.5642857142857143,0.5857142852959184,0.5428571424693878,0.573426523047586,0.5616438352317508,260.0,1.645569619211665,53.57142857142857,-260.0
DQN_dqn_dengue_policy3,400,0.5895944649367695,0.5785714285714286,0.5928571424336735,0.5642857138826531,0.5845069918518193,0.5763888884886188,0.0,0.0,100.0,-965.1
DQN_dqn_dengue_policy4,400,0.5895944649367695,0.55,0.5142857139183674,0.5857142852959184,0.5333332830068634,0.5538461534201183,161.0,1.045454544775679,71.25,-710.0
DQN_dqn_dengue_policy5,400,0.5895944649367695,0.5428571428571428,0.5357142853316327,0.5499999996071429,0.539568294938155,0.5434782604757404,190.0,1.2499999991776316,66.07142857142857,-307.1
DQN_dqn_dengue_policy6,400,0.5895944649367695,0.5285714285714286,0.5071428567806122,0.5499999996071429,0.518248124828179,0.5298507458732458,213.0,1.4391891882167642,61.964285714285715,-292.0
DQN_dqn_dengue_policy_SEED_850,400,0.5895944649367695,0.575,0.5785714281581633,0.5714285710204082,0.5765124051063226,0.5744680846989588,113.0,0.7018633536013271,79.82142857142858,-714.7
DQN_dqn_dengue_policy_SEED_42,400,0.5895944649367695,0.5428571428571428,0.5499999996071429,0.5357142853316327,0.546099240395357,0.5422535207448919,190.0,1.2499999991776316,66.07142857142857,-280.1000000000001
DQN_policy_best,400,0.5895944649367695,0.5964285714285714,0.5785714281581633,0.6142857138469388,0.5890908586790126,0.5999999995555556,48.0,0.28742514952848797,91.42857142857143,-823.7
Aleatório,450,0.7215618761745463,0.6964285714285714,0.6928571423622449,0.6999999995,0.6953404512943085,0.6978417261166606,104.0,0.5333333330598291,81.42857142857143,-464.1
Q-Learning,450,0.7215618761745463,0.7142857142857143,0.7142857137755102,0.7142857137755102,0.7142856637755137,0.7142857137755102,182.0,0.909999999545,67.5,-302.2
DQN_dqn_dengue_policy,450,0.7215618761745463,0.7035714285714286,0.7071428566377551,0.6999999995,0.7046262840186962,0.7021276590765052,0.0,0.0,100.0,-260.0
DQN_dqn_dengue_policy2,450,0.7215618761745463,0.7321428571428571,0.7214285709132653,0.7428571423265307,0.7292418267356575,0.7372262768341414,260.0,1.26829268230815,53.57142857142857,-260.0
DQN_dqn_dengue_policy3,450,0.7215618761745463,0.7035714285714286,0.6857142852244899,0.7214285709132653,0.698181767690582,0.7111111105843622,12.0,0.060913705552835685,97.85714285714285,-215.10000000000002
DQN_dqn_dengue_policy4,450,0.7215618761745463,0.6964285714285714,0.6999999995,0.6928571423622449,0.6975088463013421,0.6950354604999749,44.0,0.2256410255253123,92.14285714285715,-618.0
DQN_dqn_dengue_policy5,450,0.7215618761745463,0.6892857142857143,0.7142857137755102,0.6642857138112245,0.6968640610423861,0.6802721083807673,57.0,0.29533678741174263,89.82142857142857,-675.1
DQN_dqn_dengue_policy6,450,0.7215618761745463,0.6964285714285714,0.6928571423622449,0.6999999995,0.6953404512943085,0.6978417261166606,117.0,0.5999999996923077,79.10714285714285,201.80000000000004
DQN_dqn_dengue_policy_SEED_850,450,0.7215618761745463,0.7035714285714286,0.6999999995,0.7071428566377551,0.702508910070532,0.7050359707158015,17.0,0.08629441619985055,96.96428571428571,-139.79999999999993
DQN_dqn_dengue_policy_SEED_42,450,0.7215618761745463,0.7071428571428572,0.7214285709132653,0.6928571423622449,0.7112675551428324,0.7013888884018133,6.0,0.030303030287725744,98.92857142857143,-370.69999999999993
DQN_policy_best,450,0.7215618761745463,0.6928571428571428,0.7071428566377551,0.6785714280867348,0.6971830481104976,0.6874999995225695,47.0,0.24226804111223296,91.60714285714285,-42.0
Aleatório,500,0.7550344143754055,0.75,0.7499999994642857,0.7499999994642857,0.7499999494642892,0.7499999994642857,97.0,0.46190476168480726,82.67857142857142,-462.8999999999999
Q-Learning,500,0.7550344143754055,0.7357142857142858,0.771428570877551,0.6999999995,0.7448275357526788,0.71999999952,183.0,0.8883495141318692,67.32142857142858,-268.2
DQN_dqn_dengue_policy,500,0.7550344143754055,0.7535714285714286,0.7285714280510205,0.7785714280153062,0.7472526967381858,0.7669172926564531,0.0,0.0,100.0,-260.0
DQN_dqn_dengue_policy2,500,0.7550344143754055,0.775,0.7642857137397959,0.7857142851530613,0.7725631263433677,0.78102189724013,260.0,1.1981566814755038,53.57142857142857,-260.0
DQN_dqn_dengue_policy3,500,0.7550344143754055,0.7535714285714286,0.7285714280510205,0.7785714280153062,0.7472526967381858,0.7669172926564531,0.0,0.0,100.0,-125.1
DQN_dqn_dengue_policy4,500,0.7550344143754055,0.7607142857142857,0.7071428566377551,0.8142857137040816,0.7471697609170558,0.7919999993664001,60.0,0.28169014071282156,89.28571428571429,-360.0
DQN_dqn_dengue_policy5,500,0.7550344143754055,0.7571428571428571,0.7999999994285715,0.7142857137755102,0.7671232372302529,0.7368421047783934,32.0,0.15094339615521538,94.28571428571428,-247.1
DQN_dqn_dengue_policy6,500,0.7550344143754055,0.75,0.7357142851887756,0.7642857137397959,0.7463767610638555,0.7573529406195935,212.0,1.009523809043084,62.142857142857146,-250.0
DQN_dqn_dengue_policy_SEED_850,500,0.7550344143754055,0.7607142857142857,0.6999999995,0.8214285708418367,0.7452470979311575,0.7967479668319123,11.0,0.05164319246401728,98.03571428571428,-721.2
DQN_dqn_dengue_policy_SEED_42,500,0.7550344143754055,0.7571428571428571,0.7285714280510205,0.7857142851530613,0.7499999494917855,0.7727272721418733,122.0,0.5754716978417587,78.21428571428571,-251.99999999999997
DQN_policy_best,500,0.7550344143754055,0.7571428571428571,0.7499999994642857,0.7642857137397959,0.7553956329123784,0.7608695646660366,3.0,0.014150943389551442,99.46428571428572,-133.7
Aleatório,550,0.6449704510135628,0.6214285714285714,0.628571428122449,0.6142857138469388,0.6241134247371902,0.6197183094227336,78.0,0.4482758618113357,86.07142857142858,-425.3
Q-Learning,550,0.6449704510135628,0.6035714285714285,0.621428570984694,0.5857142852959184,0.6105262653764276,0.5999999995862069,182.0,1.0769230762858444,67.5,-402.20000000000005
DQN_dqn_dengue_policy,550,0.6449704510135628,0.6714285714285714,0.7214285709132653,0.621428570984694,0.6870747795779573,0.655844155418283,0.0,0.0,100.0,-260.0
DQN_dqn_dengue_policy2,550,0.6449704510135628,0.6035714285714285,0.5571428567448979,0.6499999995357143,0.584269612602229,0.6141732278628558,260.0,1.5384615375512063,53.57142857142857,-260.0
DQN_dqn_dengue_policy3,550,0.6449704510135628,0.6714285714285714,0.7214285709132653,0.621428570984694,0.6870747795779573,0.655844155418283,0.0,0.0,100.0,-717.1
DQN_dqn_dengue_policy4,550,0.6449704510135628,0.6714285714285714,0.7142857137755102,0.628571428122449,0.684931456464631,0.6578947364092798,6.0,0.03191489360004527,98.92857142857143,-678.0
DQN_dqn_dengue_policy5,550,0.6449704510135628,0.6321428571428571,0.6428571423979592,0.621428570984694,0.6360423523829779,0.6293706289305101,66.0,0.37288135572153597,88.21428571428571,-309.1
DQN_dqn_dengue_policy6,550,0.6449704510135628,0.6178571428571429,0.5857142852959184,0.6499999995357143,0.6051660012690501,0.6259541979954548,158.0,0.9132947971599452,71.78571428571429,-454.0
DQN_dqn_dengue_policy_SEED_850,550,0.6449704510135628,0.6714285714285714,0.7214285709132653,0.621428570984694,0.6870747795779573,0.655844155418283,2.0,0.010638297866681757,99.64285714285714,-102.60000000000004
DQN_dqn_dengue_policy_SEED_42,550,0.6449704510135628,0.6142857142857143,0.5999999995714286,0.628571428122449,0.6086956017433353,0.6176470583693772,164.0,0.9534883715386696,70.71428571428571,-276.70000000000005
DQN_policy_best,550,0.6449704510135628,0.6642857142857143,0.7071428566377551,0.621428570984694,0.6780821414008293,0.651315789045187,41.0,0.2204301074083709,92.67857142857143,-66.79999999999998
